{"Bucket Delta":-16.69974193966128,"FAO56_day":9.839741939661282,"OWM daily data":{"clouds":12,"dew_point":23.1,"dt":1631082600,"feels_like":{"day":36.94,"eve":36.55,"morn":26.48,"night":28.88},"humidity":59,"moon_phase":0.04,"moonrise":1631065140,"moonset":1631110560,"pop":0.58,"pressure":1007,"rain":1.47,"sunrise":1631061306,"sunset":1631106578,"temp":{"day":32.07,"eve":31.9,"max":33.54,"min":25.2,"morn":25.64,"night":26.71},"uvi":9.21,"weather":[{"description":"light rain","icon":"10d","id":500,"main":"Rain"}],"wind_deg":130,"wind_gust":10.19,"wind_speed":4.81680492408156},"RAIN TODAY":1.47,"Runtime":668,"SNOW TODAY":0.0}
